{
    "baseline": 0.21409619719999115,
    "pitch": 0.03842560000000292,
    "roll": 0.0,
    "x": 1.7,
    "y": 0.026239999999999368,
    "yaw": -0.009726800000000934,
    "z": 1.212400000000026,

    "fx": 3518.2,
    "fy": 3961.9,
    "u0": 4311,
    "v0": 2295.4

}
